1,Guilherme,guilherme@guilherme.com.br
2,Elias,elias@elias.com.br
3,Gabriel,gabriel@gabriel.com.br
4,Anderson,anderson@anderson.com.br
5,Alex,alex@alex.com.br
6,Vini,vini@vini.com.br
7,Leticia,leticia@leticia.com.br
8,Giulia,giulia@giulia.com.br
9,Felipe,felipe@felipe.com.br
10,Luísa,luisa@luisa.com.br
11,Carol,carol@carol.com.br
